City_ID,City,Lat,Lng,Max Temp,Humidity,Cloudiness,Wind Speed,Country,Current Description
0,Rikitea,-23.1203,-134.9692,77.36,64,100,5.88,PF,overcast clouds
1,Barrow,71.2906,-156.7887,-5.78,77,40,10.36,US,scattered clouds
2,Ancud,-41.8697,-73.8203,46.42,79,19,3.36,CL,few clouds
3,Mataura,-46.1927,168.8643,72.48,59,90,5.86,NZ,overcast clouds
4,Pryazha,61.6926,33.6216,22.24,94,100,7.49,RU,light snow
5,Ohara,35.25,140.3833,48.15,31,100,7.87,JP,overcast clouds
6,Rocha,-34.4833,-54.3333,65.66,89,2,7.94,UY,clear sky
7,Butaritari,3.0707,172.7902,81.77,77,57,19.22,KI,light rain
8,Hilo,19.7297,-155.09,73.13,74,0,3.44,US,clear sky
9,Atuona,-9.8,-139.0333,78.1,75,12,14.9,PF,few clouds
10,Hobart,-42.8794,147.3294,86.27,55,20,1.99,AU,few clouds
11,Akdepe,42.0551,59.3788,19.4,73,100,8.9,TM,overcast clouds
12,Kavieng,-2.5744,150.7967,83.55,70,95,2.21,PG,light rain
13,Morondava,-20.2833,44.2833,79.3,74,0,4.5,MG,clear sky
14,Cherskiy,68.75,161.3,-27.87,99,65,0.6,RU,broken clouds
15,Qaanaaq,77.484,-69.3632,-5.37,93,100,3.71,GL,overcast clouds
16,Punta Arenas,-53.15,-70.9167,48.31,71,40,19.57,CL,scattered clouds
17,Bengkulu,-3.8004,102.2655,82.29,69,100,3.22,ID,overcast clouds
18,Carnarvon,-24.8667,113.6333,87.87,58,28,24.16,AU,scattered clouds
19,Roseburg,43.2165,-123.3417,52.5,90,100,0.0,US,overcast clouds
20,Bredasdorp,-34.5322,20.0403,72.28,86,100,10.51,ZA,overcast clouds
21,Tiksi,71.6872,128.8694,-16.4,99,100,3.89,RU,overcast clouds
22,Secovce,48.7007,21.661,38.01,73,20,6.89,SK,few clouds
23,Albany,42.6001,-73.9662,11.73,67,26,2.95,US,scattered clouds
24,Chuy,-33.6971,-53.4616,69.03,86,0,10.02,UY,clear sky
25,Tuktoyaktuk,69.4541,-133.0374,-4.05,96,100,15.99,CA,overcast clouds
26,Tarakan,3.3,117.6333,83.7,79,75,8.05,ID,broken clouds
27,Broome,42.2506,-75.833,12.58,80,0,1.01,US,clear sky
28,Road Town,18.4167,-64.6167,75.29,71,5,9.46,VG,clear sky
29,Port Lincoln,-34.7333,135.8667,74.79,65,15,6.08,AU,few clouds
30,Paamiut,61.994,-49.6678,26.33,97,100,5.55,GL,snow
31,Port Hardy,50.6996,-127.4199,40.75,77,65,12.41,CA,broken clouds
32,Maple Creek,49.9168,-109.4848,31.71,72,79,10.8,CA,broken clouds
33,Tasiilaq,65.6145,-37.6368,2.21,61,100,4.03,GL,overcast clouds
34,Pampa,35.5362,-100.9599,47.35,38,0,8.05,US,clear sky
35,Vega De Alatorre,20.0333,-96.6333,66.88,87,25,14.09,MX,scattered clouds
36,Ushuaia,-54.8,-68.3,36.05,92,77,4.63,AR,broken clouds
37,East London,-33.0153,27.9116,73.15,84,100,12.95,ZA,overcast clouds
38,Port Alfred,-33.5906,26.891,72.43,90,100,11.65,ZA,overcast clouds
39,Hithadhoo,-0.6,73.0833,82.17,70,5,10.65,MV,clear sky
40,Esperance,-33.8667,121.9,73.24,69,76,17.58,AU,broken clouds
41,Kuchinarai,16.541,104.05,88.11,52,63,11.45,TH,broken clouds
42,Samarai,-10.6167,150.6667,83.5,71,100,20.27,PG,overcast clouds
43,Debre Birhan,9.6833,39.5333,45.39,41,94,4.21,ET,overcast clouds
44,Broken Hill,-31.95,141.4333,90.61,38,99,6.11,AU,light rain
45,Sobolevo,54.4299,31.8996,28.02,98,100,4.41,RU,light snow
46,Avera,33.194,-82.5271,46.71,80,0,7.34,US,clear sky
47,Thompson,55.7435,-97.8558,-5.62,99,98,5.41,CA,overcast clouds
48,Kiunga,-6.1219,141.2906,90.21,52,95,2.53,PG,overcast clouds
49,Cidreira,-30.1811,-50.2056,72.81,73,0,17.65,BR,clear sky
50,Hasaki,35.7333,140.8333,50.29,32,36,8.72,JP,scattered clouds
51,Naze,28.3667,129.4833,55.58,54,75,17.13,JP,broken clouds
52,Vaini,-21.2,-175.2,81.54,69,100,14.74,TO,overcast clouds
53,Grand-Santi,4.25,-54.3833,70.02,99,63,0.85,GF,broken clouds
54,Mackay,-21.15,149.2,90.68,69,31,10.54,AU,scattered clouds
55,Tura,25.5198,90.2201,65.34,39,0,3.78,IN,clear sky
56,Hermanus,-34.4187,19.2345,72.81,80,100,13.29,ZA,overcast clouds
57,Tarko-Sale,64.9225,77.785,5.67,92,100,9.51,RU,overcast clouds
58,Ponta Do Sol,32.6667,-17.1,65.12,43,0,10.09,PT,clear sky
59,Jamestown,42.097,-79.2353,12.72,92,0,3.44,US,clear sky
60,Saint George,37.1041,-113.5841,52.36,32,0,18.99,US,clear sky
61,Mount Isa,-20.7333,139.5,89.37,58,75,9.22,AU,broken clouds
62,Zyryanka,65.75,150.85,-17.39,98,100,3.94,RU,overcast clouds
63,Hirara,24.8,125.2833,63.34,59,88,21.25,JP,overcast clouds
64,Cayenne,4.9333,-52.3333,79.09,89,75,1.99,GF,broken clouds
65,Kapaa,22.0752,-159.319,76.12,70,0,1.01,US,clear sky
66,Puerto Ayora,-0.7393,-90.3518,73.24,84,100,5.73,EC,overcast clouds
67,Waitati,-45.75,170.5667,68.56,71,42,8.1,NZ,scattered clouds
68,La Ronge,55.1001,-105.2842,3.83,99,93,3.58,CA,overcast clouds
69,Lozovik,44.4677,21.1007,35.01,80,5,9.51,RS,clear sky
70,New Norfolk,-42.7826,147.0587,85.91,28,0,1.99,AU,clear sky
71,Nanortalik,60.1432,-45.2371,21.18,74,100,22.97,GL,overcast clouds
72,Tadine,-21.55,167.8833,80.94,81,89,15.32,NC,moderate rain
73,Kakching,24.4833,93.9833,59.95,49,0,2.86,IN,clear sky
74,Faanui,-16.4833,-151.75,80.83,71,1,8.79,PF,clear sky
75,Nikolskoye,59.7035,30.7861,26.49,97,100,4.94,RU,light snow
76,Acapulco,16.8634,-99.8901,78.62,83,20,3.44,MX,few clouds
77,Novaya Igirma,57.1334,103.9112,1.0,94,96,1.66,RU,overcast clouds
78,Georgetown,5.4112,100.3354,87.89,63,20,4.61,MY,few clouds
79,Znin,52.8496,17.7199,34.34,84,73,15.39,PL,broken clouds
80,Kalabo,-14.97,22.6814,64.06,89,100,8.19,ZM,overcast clouds
81,Sibolga,1.7427,98.7792,81.63,74,99,1.3,ID,overcast clouds
82,Ribeira Grande,38.5167,-28.7,59.59,72,44,20.18,PT,scattered clouds
83,Ewa Beach,21.3156,-158.0072,76.95,65,40,8.05,US,scattered clouds
84,Yellowknife,62.456,-114.3525,-9.58,86,100,10.0,CA,overcast clouds
85,Saint-Philippe,-21.3585,55.7679,80.15,85,79,10.74,RE,light rain
86,Paralimni,35.0375,33.9833,50.09,86,100,1.99,CY,light rain
87,Svetlaya,46.5389,138.3297,16.09,52,16,4.63,RU,few clouds
88,Cape Town,-33.9258,18.4232,69.12,81,78,6.08,ZA,broken clouds
89,Lasa,46.6166,10.7002,32.36,42,58,4.16,IT,broken clouds
90,Kaitangata,-46.2817,169.8464,63.86,76,76,4.07,NZ,broken clouds
91,Grindavik,63.8424,-22.4338,27.07,80,75,19.57,IS,broken clouds
92,Swift Current,50.2834,-107.8014,26.98,80,100,7.76,CA,overcast clouds
93,Manacapuru,-3.2997,-60.6206,75.78,95,97,3.31,BR,overcast clouds
94,Sardarshahr,28.4333,74.4833,65.84,18,0,1.57,IN,clear sky
95,Arlit,18.7369,7.3853,56.34,17,3,10.58,NE,clear sky
96,Cagliari,39.245,9.0912,48.9,87,0,4.61,IT,clear sky
97,Longyearbyen,78.2186,15.6401,10.24,67,40,18.41,SJ,scattered clouds
98,Bereznik,62.8551,42.7072,5.47,96,100,5.57,RU,overcast clouds
99,Kony,47.6305,17.3572,39.36,72,38,12.68,HU,scattered clouds
100,San Isidro,-12.1167,-77.05,70.02,83,0,6.91,PE,clear sky
101,Gat,31.61,34.7642,47.39,100,97,6.35,IL,overcast clouds
102,Khatanga,71.9667,102.5,-7.1,99,98,7.49,RU,overcast clouds
103,Sarangani,5.4033,125.4636,82.24,74,100,14.38,PH,overcast clouds
104,Hay River,60.8156,-115.7999,-3.73,97,100,8.46,CA,overcast clouds
105,Nacogdoches,31.6002,-94.6335,52.79,64,0,0.0,US,clear sky
106,Brae,60.3964,-1.353,37.31,77,100,31.0,GB,overcast clouds
107,Pisco,-13.7,-76.2167,69.85,83,40,8.05,PE,scattered clouds
108,Makat,47.6469,53.3463,25.83,93,91,6.15,KZ,overcast clouds
109,Namibe,-15.1961,12.1522,69.82,77,92,4.5,AO,overcast clouds
110,Guerrero Negro,27.9769,-114.0611,60.12,69,60,10.65,MX,broken clouds
111,Cabo San Lucas,22.8909,-109.9124,70.61,75,84,3.44,MX,broken clouds
112,Mahebourg,-20.4081,57.7,82.26,89,75,12.66,MU,broken clouds
113,Sambava,-14.2667,50.1667,78.1,82,35,9.22,MG,scattered clouds
114,Victoria,22.2855,114.1577,60.33,72,97,1.99,HK,overcast clouds
115,Rudnichnyy,59.617,52.4703,-1.75,100,80,2.98,RU,broken clouds
116,Agua Dulce,18.1333,-94.1333,65.03,86,1,7.67,MX,clear sky
117,Antofagasta,-23.65,-70.4,63.68,83,56,3.44,CL,broken clouds
118,Ilulissat,69.2167,-51.1,-4.97,56,32,16.82,GL,scattered clouds
119,Acarau,-2.8856,-40.12,77.88,85,100,11.01,BR,overcast clouds
120,Yarada,17.65,83.2667,73.72,78,20,2.3,IN,mist
121,Talnakh,69.4865,88.3972,-15.12,92,85,9.35,RU,overcast clouds
122,San Patricio,28.017,-97.5169,64.49,77,100,10.98,US,overcast clouds
123,Kathmandu,27.7167,85.3167,50.22,71,20,2.3,NP,haze
124,Clyde River,70.4692,-68.5914,-33.61,99,91,3.2,CA,overcast clouds
125,Sitka,57.0531,-135.33,33.69,80,20,3.44,US,few clouds
126,Sunndalsora,62.6754,8.5515,29.05,83,99,10.31,NO,overcast clouds
127,Busselton,-33.65,115.3333,78.08,33,99,16.6,AU,overcast clouds
128,Comodoro Rivadavia,-45.8667,-67.5,60.66,27,0,18.41,AR,clear sky
129,Saskylakh,71.9167,114.0833,-24.48,100,93,2.86,RU,overcast clouds
130,Tiarei,-17.5333,-149.3333,82.42,75,83,13.29,PF,broken clouds
131,Camacha,33.0833,-16.3333,61.56,82,20,19.57,PT,few clouds
132,Santiago Del Estero,-27.7951,-64.2615,76.53,41,41,5.5,AR,scattered clouds
133,Buchanan,5.8808,-10.0467,77.94,87,4,1.23,LR,clear sky
134,Tougan,13.0667,-3.0667,67.87,14,7,9.22,BF,clear sky
135,Manta,-0.95,-80.7333,74.98,88,75,3.44,EC,broken clouds
136,Port Hedland,-20.3167,118.5667,100.45,39,100,10.36,AU,overcast clouds
137,Bandarbeyla,9.4942,50.8122,75.34,80,100,15.48,SO,overcast clouds
138,Pietarsaari,63.65,22.6833,19.89,93,32,10.63,FI,scattered clouds
139,Corozal,9.3151,-75.2928,72.57,78,33,3.29,CO,scattered clouds
140,Maragogi,-9.0122,-35.2225,77.68,79,42,6.2,BR,scattered clouds
141,Arraial Do Cabo,-22.9661,-42.0278,74.68,96,100,9.01,BR,light rain
142,Nelson Bay,-32.7167,152.15,86.29,69,52,3.0,AU,broken clouds
143,Mar Del Plata,-38.0023,-57.5575,62.87,65,100,20.0,AR,overcast clouds
144,Dikson,73.5069,80.5464,-4.63,94,100,22.28,RU,overcast clouds
145,Preobrazheniye,42.9019,133.9064,20.3,42,4,8.05,RU,clear sky
146,Bilma,18.6853,12.9164,50.58,22,1,14.23,NE,clear sky
147,Half Moon Bay,37.4636,-122.4286,53.53,87,75,0.0,US,broken clouds
148,Murmashi,68.8154,32.8115,7.21,92,75,0.0,RU,broken clouds
149,Sept-Iles,50.2001,-66.3821,3.72,60,75,6.91,CA,broken clouds
150,Taltal,-25.4,-70.4833,64.98,79,10,2.08,CL,clear sky
151,Mizdah,31.4451,12.9801,41.54,60,0,8.97,LY,clear sky
152,Fountain Hills,33.6117,-111.7174,61.57,35,0,1.01,US,clear sky
153,Kodiak,57.79,-152.4072,20.71,79,0,5.75,US,clear sky
154,Natal,-5.795,-35.2094,79.45,83,20,6.91,BR,few clouds
155,Severo-Kurilsk,50.6789,156.125,28.67,90,100,9.28,RU,light snow
156,Springdale,36.1867,-94.1288,42.31,58,0,3.0,US,clear sky
157,Kaeo,-35.1,173.7833,71.33,81,100,13.98,NZ,light rain
158,Ayaviri,-14.8864,-70.5889,45.23,88,95,4.85,PE,moderate rain
159,Bethel,41.3712,-73.414,21.04,68,0,0.0,US,clear sky
160,Rapid Valley,44.0625,-103.1463,41.14,44,0,1.99,US,clear sky
161,Mehamn,71.0357,27.8492,28.35,86,0,11.5,NO,snow
162,Nizhniy Odes,63.6445,54.856,-3.98,99,95,4.47,RU,overcast clouds
163,Ukiah,39.1502,-123.2078,53.65,70,0,4.61,US,clear sky
164,Geraldton,-28.7667,114.6,82.81,54,0,19.57,AU,clear sky
165,Grass Valley,39.2191,-121.0611,47.01,74,0,1.99,US,clear sky
166,Torbay,47.6666,-52.7314,35.58,82,100,24.16,CA,overcast clouds
167,Umm Lajj,25.0213,37.2685,62.26,59,100,6.35,SA,overcast clouds
168,Huron,41.1501,-82.5499,18.72,98,88,2.39,US,overcast clouds
169,Avarua,-21.2078,-159.775,77.05,83,20,6.91,CK,drizzle
170,Ode,7.7899,5.7117,64.72,17,92,5.17,NG,overcast clouds
171,Dolny Kubin,49.2098,19.3034,31.46,97,100,2.84,SK,overcast clouds
172,Turka,49.1541,23.0297,30.79,91,100,14.97,UA,light snow
173,Hofn,64.2539,-15.2082,24.48,45,99,12.68,IS,overcast clouds
174,Novoagansk,61.9449,76.6625,8.51,95,100,7.72,RU,overcast clouds
175,Kitimat,54.0524,-128.6534,35.98,98,100,2.95,CA,light rain
176,Wanning,18.8003,110.3967,70.18,86,100,10.47,CN,overcast clouds
177,Makakilo City,21.3469,-158.0858,75.52,65,20,6.91,US,few clouds
178,Panjakent,39.4952,67.6093,24.6,45,90,3.91,TJ,overcast clouds
179,Bungu,-7.6337,39.0582,72.39,96,72,2.75,TZ,light rain
180,Pyapon,16.2833,95.6833,78.3,40,15,10.78,MM,few clouds
181,Billings,45.7833,-108.5007,43.5,33,40,19.57,US,scattered clouds
182,Beloha,-25.1667,45.05,74.68,70,12,13.47,MG,few clouds
183,Constitucion,-35.3333,-72.4167,57.27,76,0,12.35,CL,clear sky
184,Kodinsk,58.6881,99.1844,-0.53,96,100,1.25,RU,overcast clouds
185,Trairi,-3.2778,-39.2689,77.85,84,94,8.46,BR,overcast clouds
186,La Palma,33.8464,-118.0467,61.5,83,0,5.75,US,clear sky
187,Zaozerne,45.1582,33.2787,41.74,74,47,18.14,UA,scattered clouds
188,Limulan,6.5853,124.0619,84.96,66,92,4.21,PH,overcast clouds
189,Ambajogai,18.7333,76.3833,73.99,17,0,4.36,IN,clear sky
190,Birao,10.2849,22.7882,59.7,21,9,5.93,CF,clear sky
191,Pitimbu,-7.4706,-34.8086,79.39,77,8,10.27,BR,clear sky
192,Bluff,-46.6,168.3333,72.81,83,95,2.13,NZ,overcast clouds
193,San Quintin,30.4833,-115.95,58.24,73,0,12.75,MX,clear sky
194,Ponoka,52.6768,-113.5815,29.48,86,100,4.65,CA,overcast clouds
195,Cockburn Town,21.4612,-71.1419,74.88,77,98,19.33,TC,overcast clouds
196,Raymond Terrace,-32.75,151.75,87.3,69,20,11.5,AU,few clouds
197,Bang Phae,13.6916,99.9298,91.98,46,9,4.68,TH,clear sky
198,Vardo,70.3705,31.1107,21.4,66,69,18.14,NO,broken clouds
199,Cooma,-36.2333,149.1333,77.81,59,15,6.26,AU,few clouds
200,Jatibonico,21.9419,-79.17,55.72,72,0,5.82,CU,clear sky
201,General Roca,-39.0333,-67.5833,64.8,15,6,8.19,AR,clear sky
202,Chokurdakh,70.6333,147.9167,-28.64,99,44,1.57,RU,scattered clouds
203,Lebu,-37.6167,-73.65,56.48,74,0,20.15,CL,clear sky
204,Mareeba,-17.0,145.4333,87.48,64,99,7.07,AU,overcast clouds
205,Karratha,-20.7377,116.8463,97.99,39,64,15.7,AU,broken clouds
206,Vila Do Maio,15.1333,-23.2167,70.59,76,100,17.56,CV,overcast clouds
207,Touba,8.2833,-7.6833,69.51,21,18,1.95,CI,few clouds
208,Kununurra,-15.7667,128.7333,87.78,70,93,13.8,AU,overcast clouds
209,Norman Wells,65.282,-126.8329,-21.96,69,75,2.3,CA,light snow
210,Bambanglipuro,-7.95,110.2833,73.6,68,94,8.57,ID,overcast clouds
211,Port Elizabeth,-33.918,25.5701,68.09,92,100,6.24,ZA,overcast clouds
212,Fortuna,40.5982,-124.1573,49.66,91,100,0.0,US,overcast clouds
213,Portland,45.5234,-122.6762,47.35,90,100,5.99,US,overcast clouds
214,Meulaboh,4.1363,96.1285,85.35,65,68,1.63,ID,broken clouds
215,Sinnamary,5.3833,-52.95,75.99,87,78,11.07,GF,broken clouds
216,Abha,18.2164,42.5053,51.62,87,0,6.91,SA,clear sky
217,Lucea,18.451,-78.1736,72.86,77,88,14.52,JM,overcast clouds
218,Souillac,-20.5167,57.5167,82.36,89,75,12.66,MU,light rain
219,Kokopo,-4.352,152.2633,84.67,69,99,11.27,PG,light rain
220,Freeport,40.6576,-73.5832,24.78,64,20,1.01,US,few clouds
221,Micco,27.8806,-80.5003,50.0,71,0,5.57,US,clear sky
222,Gandajika,-6.75,23.95,65.34,95,100,3.15,CD,light rain
223,Vestmannaeyjar,63.4427,-20.2734,32.85,64,100,30.76,IS,overcast clouds
224,Nouadhibou,20.931,-17.0347,63.82,77,100,18.48,MR,overcast clouds
225,Dir,35.2058,71.8756,42.67,44,44,5.64,PK,scattered clouds
226,Marrakesh,31.6315,-8.0083,62.67,48,75,4.61,MA,broken clouds
227,Castro,-24.7911,-50.0119,62.58,99,100,6.53,BR,overcast clouds
228,Aksu,41.1231,80.2644,29.08,40,7,0.67,CN,clear sky
229,Katobu,-4.9408,122.5276,88.47,55,95,5.37,ID,overcast clouds
230,Ust-Barguzin,53.45,108.9833,-3.24,90,98,3.87,RU,overcast clouds
231,Carutapera,-1.195,-46.02,74.73,93,99,4.81,BR,overcast clouds
232,Raudeberg,61.9875,5.1352,32.86,69,100,1.99,NO,overcast clouds
233,Krasnyy Chikoy,50.3643,108.7512,0.75,91,100,2.04,RU,overcast clouds
234,Hermosillo,29.0667,-110.9667,67.01,39,0,4.0,MX,clear sky
235,Verkhnevilyuysk,63.4453,120.3167,-14.21,96,55,4.65,RU,broken clouds
236,Myanaung,18.2833,95.3167,74.98,35,18,6.38,MM,few clouds
237,Ixtapa,20.7,-105.2,70.23,88,0,0.0,MX,clear sky
238,Camana,-16.6228,-72.7111,70.12,80,77,5.28,PE,broken clouds
239,Mount Gambier,-37.8333,140.7667,85.62,33,2,9.66,AU,clear sky
240,Kulhudhuffushi,6.6221,73.07,81.45,76,18,10.8,MV,few clouds
241,Airai,-8.9266,125.4092,71.94,64,91,7.87,TL,overcast clouds
242,Urumqi,43.801,87.6005,-1.25,85,75,2.24,CN,fog
243,Iglesias,39.3114,8.535,46.74,90,20,8.05,IT,few clouds
244,Zhigansk,66.7697,123.3711,-28.37,97,96,0.98,RU,overcast clouds
245,Sitio Novo Do Tocantins,-5.5183,-47.4611,76.93,88,40,0.0,BR,scattered clouds
246,Lavagna,44.3079,9.3422,54.64,77,89,1.01,IT,overcast clouds
247,Ornskoldsvik,63.2909,18.7153,16.75,92,10,6.91,SE,clear sky
248,Fairbanks,64.8378,-147.7164,-17.39,71,0,0.0,US,clear sky
249,Vao,-22.6667,167.4833,79.66,80,75,4.47,NC,broken clouds
250,Novouzensk,50.4592,48.1431,23.02,97,100,8.79,RU,overcast clouds
251,Lata,40.1629,-8.3327,43.72,53,28,3.44,PT,scattered clouds
252,Roald,62.5833,6.1333,33.33,80,100,11.5,NO,overcast clouds
253,Yalutorovsk,56.6536,66.3006,8.11,95,100,5.82,RU,overcast clouds
254,Kimberley,-28.7323,24.7623,62.29,100,75,3.44,ZA,moderate rain
255,Pevek,69.7008,170.3133,-18.33,99,94,2.28,RU,overcast clouds
256,Isangel,-19.55,169.2667,86.11,84,75,4.61,VU,broken clouds
257,Lazaro Cardenas,17.9583,-102.2,74.8,71,0,4.0,MX,clear sky
258,Udachnyy,66.4167,112.4,-27.56,100,86,3.04,RU,overcast clouds
259,Talaya,61.3833,152.75,-10.93,96,100,7.02,RU,overcast clouds
260,Nelson,-41.2833,173.2833,74.44,58,51,5.88,NZ,broken clouds
261,Ati,13.2154,18.3353,57.99,20,5,10.47,TD,clear sky
262,Kahului,20.8947,-156.47,78.06,67,0,12.66,US,clear sky
263,Saldanha,-33.0117,17.9442,66.0,86,100,6.29,ZA,overcast clouds
264,Sukhobuzimskoye,56.5,93.2728,-0.76,98,81,2.19,RU,broken clouds
265,Loikaw,19.6742,97.2094,74.52,24,12,2.04,MM,few clouds
266,Bukachacha,52.9833,116.9167,4.19,69,6,2.59,RU,clear sky
267,Dubno,50.4169,25.7343,31.89,80,100,27.22,UA,light snow
268,Kasongo-Lunda,-6.4667,16.8167,68.27,98,100,1.07,CD,light rain
269,Aklavik,68.2191,-135.0107,4.03,83,100,10.71,CA,overcast clouds
270,Leshukonskoye,64.8989,45.7622,8.44,96,100,5.03,RU,overcast clouds
271,Taksimo,56.3444,114.8794,-7.87,90,92,0.45,RU,overcast clouds
272,Katsuura,35.1333,140.3,48.31,34,90,10.0,JP,overcast clouds
273,Bathsheba,13.2167,-59.5167,77.61,78,75,14.97,BB,broken clouds
274,Port-Gentil,-0.7193,8.7815,80.6,78,97,7.0,GA,overcast clouds
275,Puerto Escondido,15.85,-97.0667,79.63,73,20,0.0,MX,few clouds
276,Venustiano Carranza,19.43,-99.0992,62.58,49,0,3.0,MX,clear sky
277,Sola,-13.8833,167.55,79.05,83,100,10.29,VU,overcast clouds
278,Mandalgovi,45.7625,106.2708,6.96,52,4,7.92,MN,clear sky
279,Coquimbo,-29.9533,-71.3436,62.33,88,0,1.14,CL,clear sky
280,Necochea,-38.5473,-58.7368,61.88,54,100,12.62,AR,overcast clouds
281,Dmitriyevskoye,45.8053,41.8967,33.53,87,100,7.25,RU,overcast clouds
282,Huarmey,-10.0681,-78.1522,70.02,89,100,6.29,PE,overcast clouds
283,Olinda,-8.0089,-34.8553,82.13,74,40,8.05,BR,scattered clouds
284,Lingao,19.9103,109.6859,65.71,91,100,15.79,CN,light rain
285,Fare,-16.7,-151.0167,81.12,70,10,9.89,PF,clear sky
286,Kushima,31.4583,131.2333,53.11,36,0,6.29,JP,clear sky
287,Kirakira,-10.4544,161.9205,84.56,74,59,7.43,SB,broken clouds
288,Wellington,-41.2866,174.7756,68.92,73,19,13.8,NZ,few clouds
289,Verkhnyaya Balkariya,43.1279,43.4573,16.72,79,40,13.42,RU,scattered clouds
290,Estelle,29.8458,-90.1067,54.0,74,0,0.0,US,clear sky
291,Qui Nhon,13.7667,109.2333,77.22,80,88,7.02,VN,overcast clouds
292,Lethem,3.3803,-59.7968,78.96,64,42,10.65,GY,scattered clouds
293,Svetlogorsk,52.6333,29.7333,27.84,96,100,10.36,BY,light snow
294,Octeville,49.6261,-1.6435,47.91,66,75,18.41,FR,broken clouds
295,Ponyri,52.3186,36.3039,29.64,95,98,13.27,RU,overcast clouds
296,Pochutla,15.7432,-96.4661,77.85,81,3,3.15,MX,clear sky
297,Luderitz,-26.6481,15.1594,63.32,93,63,7.47,NA,broken clouds
298,Poum,-20.2333,164.0167,80.24,75,100,13.13,NC,overcast clouds
299,Inndyr,67.0338,14.0276,24.84,77,98,8.5,NO,overcast clouds
300,Codrington,-38.2667,141.9667,75.92,65,3,13.96,AU,clear sky
301,Baghdad,33.3406,44.4009,39.11,75,0,2.3,IQ,clear sky
302,Vila Velha,-20.3297,-40.2925,78.75,91,20,2.3,BR,few clouds
303,Tigil,57.8,158.6667,30.07,70,99,20.83,RU,overcast clouds
304,Jaen,38.0,-3.5,45.93,37,97,2.06,ES,overcast clouds
305,Treinta Y Tres,-33.2333,-54.3833,67.05,83,0,8.19,UY,clear sky
306,Kaili,-3.4626,120.2147,82.44,56,81,3.8,ID,light rain
307,Porto Murtinho,-21.6989,-57.8825,77.95,68,13,2.57,BR,few clouds
308,Pangnirtung,66.1451,-65.7125,-21.24,86,87,6.15,CA,overcast clouds
309,Oakdale,44.963,-92.9649,15.17,83,40,4.61,US,scattered clouds
310,Kem,64.9555,34.5793,16.02,95,100,8.05,RU,overcast clouds
311,Ruhengeri,-1.4998,29.635,59.58,83,100,2.8,RW,overcast clouds
312,Lavrentiya,65.5833,-171.0,-8.19,93,14,6.2,RU,few clouds
313,Pauri,30.15,78.7833,51.22,37,0,0.78,IN,clear sky
314,Baykit,61.67,96.37,-0.94,97,96,0.67,RU,overcast clouds
315,Santa Maria,-29.6842,-53.8069,68.47,80,14,4.65,BR,few clouds
316,Diamantino,-14.4086,-56.4461,71.6,98,100,7.36,BR,light rain
317,Nadym,65.5333,72.5167,-7.13,100,93,7.72,RU,overcast clouds
318,Prince Rupert,54.3161,-130.3201,37.09,100,100,8.05,CA,light rain
319,Matara,5.9485,80.5353,82.49,74,16,5.32,LK,few clouds
320,Lorengau,-2.0226,147.2712,81.34,82,100,17.09,PG,overcast clouds
321,Wanxian,30.8039,108.3897,50.29,60,100,4.45,CN,light rain
322,Maues,-3.3836,-57.7186,72.18,96,99,1.86,BR,overcast clouds
323,Springbok,-29.6643,17.8865,73.94,61,81,11.27,ZA,broken clouds
324,Opuwo,-18.0607,13.84,60.37,57,98,2.89,NA,overcast clouds
325,Kiama,-34.6833,150.8667,83.57,70,26,5.99,AU,scattered clouds
326,Padang,-0.9492,100.3543,84.25,63,81,2.86,ID,broken clouds
327,Henties Bay,-22.116,14.2845,66.85,81,75,7.31,NA,broken clouds
328,Taybad,34.74,60.7756,38.98,62,0,3.0,IR,clear sky
329,Buluang,13.3068,123.3425,85.14,64,26,6.38,PH,scattered clouds
330,Maroantsetra,-15.4333,49.7333,77.56,81,41,6.49,MG,scattered clouds
331,Siderno,38.2779,16.302,55.83,83,1,6.29,IT,clear sky
332,Awjilah,29.1081,21.2869,52.25,63,79,13.65,LY,broken clouds
333,Katangli,51.7102,143.2326,9.64,93,100,18.86,RU,light snow
334,Biltine,14.5333,20.9167,58.17,17,3,12.82,TD,clear sky
335,Rincon,32.296,-81.2354,48.85,49,0,11.5,US,clear sky
336,Narathiwat,6.3333,101.75,92.73,56,68,6.15,TH,broken clouds
337,Lompoc,34.6391,-120.4579,57.13,92,0,0.0,US,clear sky
338,Oranjemund,-28.55,16.4333,65.28,90,98,4.99,NA,overcast clouds
339,Victor Harbor,-35.5667,138.6167,92.46,53,29,4.7,AU,scattered clouds
340,Kruisfontein,-34.0033,24.7314,65.88,93,87,3.51,ZA,overcast clouds
341,Llanes,43.4198,-4.7549,49.89,82,68,4.25,ES,broken clouds
342,Namatanai,-3.6667,152.4333,84.49,71,96,4.94,PG,light rain
343,Teguldet,57.3064,88.1667,3.87,94,28,3.42,RU,scattered clouds
344,Saint-Georges,12.0564,-61.7485,78.48,83,40,11.5,GD,scattered clouds
345,Shirokiy,49.758,129.523,0.14,87,67,4.38,RU,broken clouds
346,Bambous Virieux,-20.3428,57.7575,83.21,89,75,12.66,MU,broken clouds
347,Los Llanos De Aridane,28.6585,-17.9182,56.95,77,0,8.05,ES,clear sky
348,Diffa,13.3154,12.6113,57.51,25,20,10.16,NE,few clouds
349,Morant Bay,17.8815,-76.4093,74.82,85,69,10.27,JM,broken clouds
350,Antonina,-25.4286,-48.7119,78.62,99,100,1.21,BR,overcast clouds
351,Denia,38.8408,0.1057,57.63,36,7,5.06,ES,clear sky
352,Komsomolskiy,40.4272,71.7189,31.42,93,100,4.61,UZ,fog
353,Nazca,-14.8333,-74.95,70.36,74,88,3.4,PE,overcast clouds
354,Nenjiang,49.1833,125.2167,4.98,82,16,3.83,CN,few clouds
355,Yulara,-25.2406,130.9889,84.04,65,100,12.66,AU,overcast clouds
356,Tokat,40.4167,36.5833,21.36,96,100,5.48,TR,light snow
357,Aasiaat,68.7098,-52.8699,-11.94,96,70,14.23,GL,broken clouds
358,Princeton,25.5384,-80.4089,52.0,56,0,9.22,US,clear sky
359,Tautira,-17.7333,-149.15,84.22,76,97,14.14,PF,light rain
360,Sur,22.5667,59.5289,72.73,59,0,0.25,OM,clear sky
361,Lawrenceburg,38.0373,-84.8966,30.51,81,0,0.0,US,clear sky
362,Sunyani,7.3399,-2.3268,65.75,24,88,0.51,GH,overcast clouds
363,Berdigestyakh,62.0989,126.6992,-10.17,95,100,6.62,RU,overcast clouds
364,Qasigiannguit,68.8193,-51.1922,-8.86,67,35,12.01,GL,scattered clouds
365,Tuatapere,-46.1333,167.6833,73.81,73,95,8.16,NZ,light rain
366,Moose Factory,51.2585,-80.6094,-18.4,83,0,4.61,CA,clear sky
367,Micheweni,-4.9667,39.8333,79.48,78,100,9.04,TZ,overcast clouds
368,Dwarka,22.2394,68.9678,72.77,75,0,8.66,IN,clear sky
369,Bosaso,11.2842,49.1816,73.11,74,96,2.75,SO,overcast clouds
370,Dawei,14.0833,98.2,82.71,37,9,4.23,MM,clear sky
371,Rio Gallegos,-51.6226,-69.2181,48.25,53,40,16.11,AR,scattered clouds
372,Tonantins,-2.8731,-67.8022,73.11,96,100,3.0,BR,overcast clouds
373,Boiu Mare,47.4,23.5833,36.07,89,99,12.95,RO,overcast clouds
374,Bikapur,26.6,82.1333,61.11,57,0,4.07,IN,clear sky
375,Santa Rosa,14.3122,121.1114,90.09,64,61,16.62,PH,broken clouds
376,Samana,19.2056,-69.3369,72.34,87,19,4.25,DO,few clouds
377,Marawi,7.9986,124.2928,74.64,71,100,6.29,PH,overcast clouds
378,Alofi,-19.0595,-169.9187,74.16,88,100,16.33,NU,moderate rain
379,Praya,14.9215,-23.5087,70.34,68,75,18.41,CV,broken clouds
380,Jvari,42.7169,42.052,35.85,74,99,10.36,GE,overcast clouds
381,Shangrao,28.4532,117.9686,43.23,74,100,2.84,CN,overcast clouds
382,Kankaanpaa,61.8,22.4167,20.8,91,100,9.06,FI,overcast clouds
383,Yinchuan,38.4681,106.2731,20.3,25,88,0.81,CN,overcast clouds
384,Beyneu,45.3167,55.2,32.72,82,100,14.41,KZ,overcast clouds
385,Chauk,20.8833,94.8167,72.25,36,7,7.05,MM,clear sky
386,Saint-Augustin,51.226,-58.6502,7.75,86,59,14.61,CA,broken clouds
387,Nancha,47.1333,129.2667,14.58,61,37,2.26,CN,scattered clouds
388,Vestmanna,62.1564,-7.1664,32.92,44,75,33.38,FO,light snow
389,Ketchikan,55.3422,-131.6461,35.58,93,100,0.0,US,light snow
390,Tarusa,54.7233,37.1767,28.96,96,98,8.16,RU,light snow
391,Verkhoyansk,67.5447,133.385,-30.03,98,83,1.25,RU,broken clouds
392,Wilmington,34.2257,-77.9447,48.85,80,0,0.0,US,clear sky
393,Mayo,38.8876,-76.5119,30.24,67,100,1.99,US,overcast clouds
394,Kloulklubed,7.0419,134.2556,86.5,68,94,12.44,PW,overcast clouds
395,Vangaindrano,-23.35,47.6,74.21,77,1,1.68,MG,clear sky
396,Muscat,23.6139,58.5922,72.43,59,0,8.12,OM,clear sky
397,Muravlenko,63.7898,74.523,2.08,95,100,8.16,RU,overcast clouds
398,Rasulnagar,32.3285,73.7814,52.03,46,6,2.15,PK,clear sky
399,Praia Da Vitoria,38.7333,-27.0667,59.25,82,75,22.57,PT,broken clouds
400,Georgiyevskoye,58.731,45.024,7.12,98,93,5.91,RU,overcast clouds
401,Letterkenny,54.95,-7.7333,42.46,65,93,20.98,IE,overcast clouds
402,Bereda,43.2686,-7.5406,40.41,88,93,6.29,ES,overcast clouds
403,Moramanga,-18.9333,48.2,64.08,86,48,3.53,MG,scattered clouds
404,Yakeshi,49.2833,120.7333,-9.02,94,98,4.9,CN,overcast clouds
405,Donskoye,45.4552,41.9741,32.67,81,99,9.37,RU,overcast clouds
406,Kavaratti,10.5669,72.642,81.34,73,1,9.53,IN,clear sky
407,Pacific Grove,36.6177,-121.9166,53.62,88,0,1.99,US,clear sky
408,Bindura,-17.3019,31.3306,59.88,98,10,0.76,ZW,clear sky
409,Provideniya,64.3833,-173.3,10.51,72,0,15.66,RU,clear sky
410,Ust-Tsilma,65.441,52.1498,8.4,95,100,5.68,RU,overcast clouds
411,Sorong,-0.8833,131.25,83.82,68,95,17.81,ID,overcast clouds
412,Venado Tuerto,-33.7456,-61.9688,69.76,55,66,5.84,AR,broken clouds
413,Sarh,9.1429,18.3923,67.26,19,4,5.79,TD,clear sky
414,Leeton,-34.5667,146.4,97.9,30,14,7.18,AU,few clouds
415,Smithers,54.7804,-127.1743,26.92,93,75,3.44,CA,broken clouds
416,Zhezkazgan,47.8043,67.7144,19.38,93,100,4.47,KZ,overcast clouds
417,Bataipora,-22.2953,-53.2711,71.49,95,15,4.27,BR,few clouds
418,French Harbor,16.35,-86.4333,72.0,94,75,7.0,HN,broken clouds
419,Axim,4.8699,-2.2405,76.06,87,23,3.85,GH,few clouds
420,Vostok,46.4856,135.8833,2.71,82,35,4.29,RU,scattered clouds
421,Balakovo,52.0278,47.8007,19.31,97,100,6.29,RU,snow
422,Tshane,-24.0196,21.8684,67.96,87,95,14.32,BW,light rain
423,Bria,6.5423,21.9863,62.29,29,18,3.85,CF,few clouds
424,Soddy-Daisy,35.2359,-85.1908,36.03,81,70,3.44,US,broken clouds
425,Cienaga,11.007,-74.2476,79.99,71,26,5.79,CO,scattered clouds
426,Roma,43.2128,-75.4557,10.94,78,100,0.0,US,overcast clouds
427,Flinders,-34.5833,150.8552,86.2,70,32,9.33,AU,scattered clouds
428,Saveh,35.0213,50.3566,36.41,50,0,7.09,IR,clear sky
429,Qingdao,36.0986,120.3719,38.8,56,40,17.9,CN,scattered clouds
430,Mudanjiang,44.5833,129.6,10.51,74,21,4.07,CN,light snow
431,Sao Joao Da Barra,-21.6403,-41.0511,74.57,93,93,7.02,BR,light rain
432,Baft,29.234,56.6057,39.6,46,45,4.38,IR,scattered clouds
433,Alice Springs,-23.7,133.8833,76.55,94,75,6.91,AU,shower rain
434,Richards Bay,-28.783,32.0377,71.11,88,96,6.46,ZA,overcast clouds
435,Labuhan,-6.8844,112.2051,84.52,72,92,8.25,ID,overcast clouds
436,Bela Vista,-22.1089,-56.5211,76.17,80,14,5.35,BR,few clouds
437,Mabaruma,8.2,-59.7833,70.75,94,52,2.86,GY,broken clouds
438,Asmara,15.3333,38.9333,50.79,88,24,2.91,ER,few clouds
439,Deputatskiy,69.3,139.9,-23.04,100,61,1.77,RU,broken clouds
440,Obregon,11.9566,-85.9636,75.29,67,9,14.32,NI,clear sky
441,Kagoro,9.6,8.3833,60.96,19,100,9.22,NG,overcast clouds
442,Mecca,21.4267,39.8261,66.33,65,99,3.04,SA,overcast clouds
443,Japura,-0.3167,102.35,85.68,68,78,3.2,ID,broken clouds
444,Touros,-5.1989,-35.4608,79.7,82,6,10.04,BR,clear sky
445,Kuusamo,65.9667,29.1833,-5.76,84,0,2.3,FI,clear sky
446,Faya,18.3851,42.4509,51.91,71,4,5.35,SA,clear sky
447,Ostrovnoy,68.0531,39.5131,5.99,96,84,8.84,RU,broken clouds
448,Sterlitamak,53.6246,55.9502,26.49,95,100,8.5,RU,overcast clouds
449,Alta Gracia,-31.6529,-64.4283,68.72,71,0,3.02,AR,clear sky
450,Sao Filipe,14.8961,-24.4956,71.28,73,100,11.16,CV,overcast clouds
451,Northam,51.0333,-4.2167,46.26,78,72,25.32,GB,broken clouds
452,Abu Samrah,35.3029,37.1841,41.52,74,100,2.91,SY,overcast clouds
453,Foix,42.8333,1.5833,34.99,80,12,4.83,FR,few clouds
454,Upernavik,72.7868,-56.1549,-8.61,98,100,5.14,GL,overcast clouds
455,Peniche,39.3558,-9.3811,51.75,86,5,7.92,PT,clear sky
456,Onega,63.9061,38.1404,12.29,95,100,5.86,RU,overcast clouds
457,Tianjin,39.1422,117.1767,30.15,43,0,11.18,CN,clear sky
458,Atikokan,48.7555,-91.6216,6.24,97,97,4.16,CA,overcast clouds
459,Magistralnyy,56.1725,107.4458,2.17,92,94,2.21,RU,overcast clouds
460,Jambi,-1.6,103.6167,85.44,66,99,4.38,ID,light rain
461,Evensk,61.95,159.2333,22.57,78,100,17.69,RU,overcast clouds
462,Port Keats,-14.25,129.55,84.4,75,72,25.59,AU,broken clouds
463,Pombas,17.1503,-25.0201,67.78,73,100,12.86,CV,overcast clouds
464,Sungaipenuh,-2.0833,101.3833,76.15,67,99,1.01,ID,overcast clouds
465,Trelew,-43.249,-65.3051,58.14,29,33,6.24,AR,scattered clouds
466,Yaroslavl,57.6299,39.8737,24.6,86,100,8.95,RU,snow
467,Sunrise Manor,36.2111,-115.0731,55.22,20,0,6.91,US,clear sky
468,Turner,44.2565,-70.2562,10.89,94,23,3.38,US,few clouds
469,Krikellos,38.95,21.1833,35.33,72,0,3.53,GR,clear sky
470,Lixourion,38.2019,20.4314,51.01,75,20,15.99,GR,few clouds
471,Pemangkat,1.1667,108.9667,82.4,71,100,6.31,ID,overcast clouds
472,Vershino-Darasunskiy,52.35,115.5167,-0.49,72,5,3.76,RU,clear sky
473,Husavik,66.0449,-17.3389,22.91,66,90,24.76,IS,overcast clouds
474,Port-Cartier,50.0334,-66.8654,3.42,93,59,8.55,CA,broken clouds
475,Narsaq,60.9167,-46.05,20.17,84,100,17.87,GL,light snow
476,Tahta,26.7693,31.5021,46.56,50,3,6.04,EG,clear sky
477,Balaipungut,1.05,101.2833,84.61,56,46,3.87,ID,scattered clouds
478,Kattivakkam,13.2167,80.3167,84.29,84,6,1.95,IN,clear sky
479,Maarianhamina,60.0973,19.9348,28.26,74,100,12.66,AX,overcast clouds
480,Mirnyy,62.5353,113.9611,-6.12,97,90,4.94,RU,overcast clouds
481,Ciuchici,44.9414,21.61,31.32,83,36,3.18,RO,scattered clouds
482,Matagami,49.7502,-77.6328,-14.69,84,0,6.91,CA,clear sky
483,Kirensk,57.7853,108.1119,1.92,93,94,3.24,RU,overcast clouds
484,Laguna,38.421,-121.4238,54.1,80,0,0.0,US,clear sky
485,Plettenberg Bay,-34.0527,23.3716,67.91,91,93,2.77,ZA,overcast clouds
486,Emba,48.8264,58.1442,24.69,87,100,14.16,KZ,overcast clouds
487,Emerald,-23.5333,148.1667,94.33,36,66,8.1,AU,broken clouds
488,Nome,64.5011,-165.4064,-7.53,77,0,0.0,US,clear sky
489,Iqaluit,63.7506,-68.5145,-25.31,74,20,5.01,CA,few clouds
490,Williams Lake,52.1415,-122.1445,35.17,94,100,4.0,CA,snow
491,Waipawa,-41.4122,175.5153,66.31,65,17,10.2,NZ,few clouds
492,Nantucket,41.2835,-70.0995,21.31,51,0,10.36,US,clear sky
493,Alta Floresta,-9.8756,-56.0861,69.76,99,100,2.98,BR,overcast clouds
494,Dalbandin,28.8947,64.4101,55.33,38,0,7.23,PK,clear sky
495,Izhma,65.0083,53.9113,1.58,96,96,6.11,RU,overcast clouds
496,Hobyo,5.3505,48.5268,76.55,81,100,15.57,SO,light rain
497,Srivardhan,18.0333,73.0167,76.35,44,0,4.23,IN,clear sky
498,Shingu,33.7333,135.9833,50.99,31,3,2.82,JP,clear sky
499,Klaksvik,62.2266,-6.589,32.92,56,98,35.59,FO,light snow
500,Nabire,-3.3667,135.4833,84.79,59,100,4.72,ID,overcast clouds
501,Tekeli,44.83,78.8239,21.24,70,43,7.81,KZ,scattered clouds
502,Asau,46.4333,26.4,36.52,72,44,14.38,RO,scattered clouds
503,Kumo,10.0447,11.2122,62.04,20,30,10.74,NG,scattered clouds
504,Port Victoria,0.0939,33.9756,70.12,75,76,6.55,KE,light rain
505,Santa Rosa De Osos,6.6474,-75.4603,49.26,95,98,0.78,CO,overcast clouds
506,Muroto,33.2833,134.15,51.84,43,8,13.33,JP,clear sky
507,Ravar,31.2656,56.8055,45.5,41,35,2.86,IR,scattered clouds
508,Porto Novo,6.4965,2.6036,73.22,43,80,4.68,BJ,broken clouds
509,Sulangan,11.1373,123.7228,82.09,73,16,10.98,PH,few clouds
510,Palmer,42.1584,-72.3287,13.37,73,75,3.44,US,broken clouds
511,Macapa,0.0389,-51.0664,75.18,100,0,2.3,BR,clear sky
512,De Aar,-30.6497,24.0123,69.37,63,100,10.38,ZA,overcast clouds
513,Yuryevets,57.3201,43.1041,17.94,94,100,10.6,RU,overcast clouds
514,Krasnoarmeyskiy,47.0114,42.2072,32.11,93,100,13.31,RU,snow
515,De-Kastri,51.4667,140.7833,3.52,92,100,12.88,RU,overcast clouds
516,Yibin,28.7667,104.6238,51.08,61,40,3.42,CN,scattered clouds
517,Ulaanbaatar,47.9077,106.8832,-7.47,77,39,2.24,MN,smoke
518,Magadan,59.5667,150.8,10.35,77,92,14.32,RU,overcast clouds
519,Olafsvik,64.8945,-23.7142,26.46,55,100,20.02,IS,overcast clouds
520,Quang Ngai,15.1167,108.8,78.01,81,89,7.67,VN,overcast clouds
521,Soyo,-6.1349,12.3689,78.08,85,100,3.15,AO,light rain
522,Vuktyl,63.8567,57.3094,-5.48,99,93,3.38,RU,overcast clouds
523,Scottsbluff,41.8666,-103.6672,38.79,43,0,0.0,US,clear sky
524,Mitu,1.1983,-70.1733,73.02,69,97,2.48,CO,overcast clouds
525,Maracacume,-2.0428,-45.9592,72.3,97,98,2.84,BR,overcast clouds
526,Juba,4.8517,31.5825,72.01,31,79,2.89,SS,broken clouds
527,Atasu,48.6814,71.6433,14.22,96,100,6.55,KZ,overcast clouds
528,Maan,5.9339,124.7356,86.27,65,100,4.59,PH,overcast clouds
529,Alyangula,-13.8483,136.4192,89.47,70,99,12.66,AU,overcast clouds
530,Manzhouli,49.6,117.4333,-0.49,78,8,5.68,CN,clear sky
531,Damghan,36.1683,54.348,33.12,41,0,1.99,IR,clear sky
532,Eden,36.4885,-79.7667,31.78,74,0,0.0,US,clear sky
533,Grafton,42.207,-71.6856,10.49,66,14,4.03,US,few clouds
534,Macamic,48.7502,-78.9996,-9.17,100,100,3.06,CA,overcast clouds
535,Puruliya,23.3333,86.3667,63.21,37,0,1.59,IN,clear sky
536,Havelock,34.8791,-76.9013,43.95,71,76,6.67,US,broken clouds
537,Muskogee,35.5834,-95.3336,46.44,48,0,0.0,US,clear sky
538,Kappeln,54.6612,9.9313,37.31,91,100,11.48,DE,light rain
539,Amparafaravola,-17.5833,48.2167,66.22,87,22,6.4,MG,few clouds
540,Nishihara,26.1842,127.7558,60.85,61,100,13.8,JP,overcast clouds
541,Nyimba,-14.5566,30.8149,66.34,99,99,1.52,ZM,light rain
542,Gulu,2.7746,32.299,70.03,31,61,6.02,UG,broken clouds
543,Yumen,40.2833,97.2,19.33,31,100,10.76,CN,overcast clouds
544,Viedma,-40.8135,-62.9967,58.95,42,83,5.44,AR,broken clouds
545,Raseiniai,55.3736,23.1217,28.85,84,100,18.01,LT,overcast clouds
546,Krasnoselkup,65.7,82.4667,2.61,95,100,10.42,RU,overcast clouds
547,Kaset Sombun,16.2805,101.9542,85.44,38,13,4.18,TH,few clouds
548,Guanare,9.0418,-69.7421,75.22,60,4,3.44,VE,clear sky
549,Nedjo,9.5046,35.5019,55.24,49,42,1.97,ET,scattered clouds
550,Batemans Bay,-35.7167,150.1833,85.98,72,67,7.58,AU,light rain
551,Coos Bay,43.3665,-124.2179,51.01,96,100,12.66,US,overcast clouds
552,San Rafael,-34.6177,-68.3301,73.38,27,0,8.77,AR,clear sky
553,Mikhaylovsk,45.1283,42.0256,29.14,86,0,11.18,RU,clear sky
554,Nouakchott,18.0858,-15.9785,69.73,53,100,14.7,MR,overcast clouds
555,Puerto Baquerizo Moreno,-0.9,-89.6,74.25,82,100,9.62,EC,overcast clouds
556,Thio,-21.6167,166.2167,82.36,76,79,2.51,NC,broken clouds
557,Puerto Del Rosario,28.5004,-13.8627,58.75,63,0,4.61,ES,haze
558,Cuamba,-14.8031,36.5372,66.72,95,16,0.51,MZ,few clouds
559,Nagod,24.5667,80.6,67.21,28,0,3.4,IN,clear sky
560,Taitung,22.7583,121.1444,68.27,64,75,8.05,TW,broken clouds
561,Hamilton,39.1834,-84.5333,29.08,77,0,1.01,US,clear sky
562,Timbiqui,2.7717,-77.6654,72.09,96,100,5.28,CO,light rain
563,Ulladulla,-35.35,150.4667,85.77,65,43,11.56,AU,scattered clouds
564,Olga,43.7444,135.2892,19.06,39,0,11.95,RU,clear sky
565,Ust-Omchug,61.15,149.6333,-1.91,95,100,9.4,RU,overcast clouds
566,Kamenka,51.3223,42.7678,31.75,97,100,17.72,RU,light snow
567,Belyy Yar,53.6039,91.3903,-14.91,84,75,0.0,RU,mist
568,Omboue,-1.5746,9.2618,77.5,87,100,2.55,GA,light rain
569,Bisira,8.5196,-81.7115,54.95,94,41,8.01,PA,scattered clouds
570,Bhunya,-26.55,31.0167,63.43,99,94,1.66,SZ,overcast clouds
571,Bouar,5.934,15.596,62.87,19,86,7.74,CF,overcast clouds
572,Gavle,60.6745,17.1417,24.51,87,8,1.99,SE,clear sky
573,Hami,42.8,93.45,26.08,35,91,4.52,CN,overcast clouds
574,Guilin,25.2819,110.2864,44.71,78,99,8.28,CN,overcast clouds
575,Berlevag,70.8578,29.0864,28.4,65,90,3.98,NO,overcast clouds
576,Imeni Poliny Osipenko,52.4201,136.4853,1.58,91,100,6.71,RU,overcast clouds
577,Wolgast,54.05,13.7667,36.86,84,100,7.96,DE,overcast clouds
578,Verkhnetulomskiy,68.6073,31.7962,6.93,99,98,2.62,RU,overcast clouds
579,Coihaique,-45.5752,-72.0662,48.81,71,40,2.3,CL,scattered clouds
580,Maldonado,-34.6667,-54.9167,72.23,82,3,9.93,UY,clear sky
581,Verkhovazhye,60.7472,42.0465,1.83,99,100,4.5,RU,overcast clouds
582,Hammerfest,70.6634,23.6821,23.45,80,20,2.3,NO,few clouds
583,Beringovskiy,63.05,179.3167,-3.75,95,100,10.38,RU,overcast clouds
584,Boyolangu,-8.1181,111.8935,86.41,65,91,5.82,ID,overcast clouds
585,Mityana,0.4175,32.0228,69.39,76,100,0.89,UG,overcast clouds
586,Hambantota,6.1241,81.1185,80.94,89,20,4.61,LK,few clouds
587,Kontagora,10.3999,5.4695,68.92,14,72,10.67,NG,broken clouds
588,Polunochnoye,60.8697,60.4153,-8.9,100,99,2.91,RU,overcast clouds
589,San Vicente,-26.6167,-54.1333,65.14,84,18,1.32,AR,moderate rain
590,Sebastian,35.1668,-94.2669,45.09,63,0,3.13,US,clear sky
591,Lagoa,39.05,-27.9833,58.26,73,22,24.99,PT,few clouds
592,Kabanjahe,3.1001,98.4908,72.36,63,86,3.36,ID,overcast clouds
593,Badajoz,38.6667,-6.1667,50.31,56,1,2.71,ES,clear sky
594,Dudinka,69.4058,86.1778,-11.09,96,100,8.34,RU,overcast clouds
595,Livramento,-3.0254,-60.1803,75.88,94,0,0.0,BR,light rain
596,Kidal,18.4411,1.4078,64.72,17,47,13.58,ML,scattered clouds
597,Mugur-Aksy,50.35,90.5,5.9,61,2,1.68,RU,clear sky
598,Tezu,27.9167,96.1667,66.72,31,4,3.94,IN,clear sky
599,Viru,-8.4167,-78.75,63.7,82,100,1.88,PE,overcast clouds
600,Quatre Cocos,-20.2078,57.7625,83.08,79,94,19.13,MU,overcast clouds
601,Qandala,11.472,49.8728,74.71,77,94,6.17,SO,overcast clouds
602,Piacabucu,-10.4056,-36.4344,78.24,84,79,7.52,BR,broken clouds
603,Nayudupeta,13.9,79.9,79.68,72,2,1.99,IN,clear sky
604,Ruginoasa,47.25,26.85,38.71,73,88,8.99,RO,light snow
605,Lukulu,-14.3707,23.242,61.14,95,97,3.4,ZM,overcast clouds
606,Turukhansk,65.8167,87.9833,-0.85,93,99,11.92,RU,overcast clouds
607,Latung,5.5,120.8833,82.06,74,38,5.3,PH,scattered clouds
608,Kisangani,0.5167,25.2,71.6,41,100,0.18,CD,overcast clouds
609,Soe,-9.8607,124.284,78.3,61,100,12.15,ID,overcast clouds
610,Belmonte,-15.8631,-38.8828,77.5,86,23,8.32,BR,few clouds
611,Nacozari,25.3366,-108.2574,56.05,47,8,7.4,MX,clear sky
612,Santo Tomas,14.1079,121.1414,88.56,62,62,13.06,PH,broken clouds
613,Egvekinot,66.3167,-179.1667,0.19,67,44,9.13,RU,scattered clouds
614,Radhanpur,23.8333,71.6,69.39,75,0,5.73,IN,clear sky
615,Rawson,-43.3002,-65.1023,58.84,32,39,6.53,AR,scattered clouds
616,Kachug,53.9606,105.8817,-2.15,93,100,1.54,RU,overcast clouds
617,Burns Lake,54.2331,-125.7533,20.62,98,54,1.57,CA,broken clouds
618,Bowen,-20.0167,148.2333,77.22,71,8,13.33,AU,clear sky
619,Priiskovyy,51.9333,116.6333,-7.83,92,70,1.92,RU,broken clouds
620,Gazojak,41.1875,61.4036,33.42,63,100,9.8,TM,overcast clouds
621,Newport,51.5877,-2.9984,46.69,71,100,20.74,GB,overcast clouds
622,Jijiga,9.35,42.8,54.81,16,69,6.26,ET,broken clouds
623,Boueni,-12.9025,45.0761,80.58,69,26,5.39,YT,scattered clouds
624,Salalah,17.0151,54.0924,69.67,47,2,3.29,OM,clear sky
625,Kieta,-6.2167,155.6333,85.69,70,100,8.05,PG,light rain
626,Goundam,16.4145,-3.6708,68.61,17,10,9.6,ML,clear sky
627,Borazjan,29.2666,51.2159,56.53,46,100,1.23,IR,overcast clouds
628,Semnan,35.5729,53.3971,28.24,50,0,2.3,IR,clear sky
629,Labog,9.0558,118.0495,84.13,69,35,6.02,PH,scattered clouds
630,Yarovoye,52.9273,78.58,10.38,93,98,8.46,RU,overcast clouds
631,Mocuba,-16.8392,36.9856,71.15,98,15,1.3,MZ,few clouds
632,Juazeiro,-9.4117,-40.4986,73.58,94,0,2.3,BR,light rain
633,Akureyri,65.6835,-18.0878,22.93,46,100,5.75,IS,overcast clouds
634,Port Augusta,-32.5,137.7667,97.7,31,90,2.86,AU,overcast clouds
635,Skjervoy,70.0311,20.9714,27.79,58,100,7.94,NO,light snow
636,Eyl,7.9803,49.8164,74.88,75,93,16.22,SO,overcast clouds
637,Lincoln,40.8,-96.667,38.17,63,0,1.99,US,clear sky
638,Grand Island,40.925,-98.342,40.3,44,0,3.0,US,clear sky
639,Alpena,45.0617,-83.4327,19.18,94,20,1.01,US,few clouds
640,Dingle,10.9995,122.6711,85.33,67,26,10.07,PH,scattered clouds
641,Port Blair,11.6667,92.75,78.84,65,40,6.91,IN,haze
642,Ploemeur,47.7333,-3.4333,48.81,98,75,10.36,FR,mist
643,Caiaponia,-16.9567,-51.8103,67.6,98,100,7.02,BR,overcast clouds
644,Ishigaki,24.3448,124.1572,62.73,59,75,19.57,JP,broken clouds
645,Ternate,0.8,127.4,83.73,70,64,10.8,ID,broken clouds
646,Grootfontein,-19.5667,18.1167,63.97,100,99,4.61,NA,overcast clouds
647,Sanford,28.8006,-81.2731,43.92,61,0,3.44,US,clear sky
648,Iguape,-24.7081,-47.5553,71.02,96,100,5.86,BR,overcast clouds
649,Elverum,60.8819,11.5623,14.07,95,59,2.73,NO,broken clouds
650,Korla,41.7597,86.1469,26.31,48,99,3.38,CN,overcast clouds
651,Simao,22.7886,100.9748,65.7,37,0,3.69,CN,clear sky
652,Acurenam,1.0322,10.6488,68.2,96,100,1.57,GQ,overcast clouds
653,Boulder City,35.9786,-114.8325,52.75,18,0,4.61,US,clear sky
654,Tessalit,20.1986,1.0114,64.22,16,3,8.48,ML,clear sky
655,Belaya Gora,68.5333,146.4167,-20.52,97,98,2.33,RU,overcast clouds
656,Itaituba,-4.2761,-55.9836,72.84,95,100,1.66,BR,overcast clouds
657,Villanueva,15.3167,-88.0,65.39,94,75,5.75,HN,broken clouds
658,Daru,-9.0763,143.2092,87.04,61,91,2.21,PG,light rain
659,Flin Flon,54.7682,-101.865,6.4,96,95,6.06,CA,overcast clouds
660,Garissa,-0.4536,39.6401,74.34,79,45,5.14,KE,scattered clouds
661,Maridi,4.9158,29.4742,65.46,29,62,3.38,SS,broken clouds
662,Sioux Lookout,50.1001,-91.917,12.58,85,100,8.05,CA,overcast clouds
663,Manggar,-2.8833,108.2667,86.31,59,100,8.12,ID,overcast clouds
664,Champerico,14.3,-91.9167,79.29,71,12,5.1,GT,few clouds
665,Sokolo,14.7328,-6.1219,70.9,16,2,9.6,ML,clear sky
666,Ust-Koksa,50.2696,85.6108,8.6,79,94,0.31,RU,overcast clouds
667,Sao Mateus Do Sul,-25.8742,-50.3828,61.83,99,100,1.81,BR,overcast clouds
668,Bujaru,-1.515,-48.0447,73.42,99,100,2.57,BR,overcast clouds
669,Cleveland,41.4995,-81.6954,16.27,86,40,0.0,US,mist
670,Luzhou,28.8724,105.4405,50.0,65,77,2.06,CN,broken clouds
671,Buin,-33.7333,-70.75,71.87,73,0,1.52,CL,clear sky
672,Lubao,14.9167,120.55,88.14,56,67,9.22,PH,broken clouds
673,Ushtobe,45.2514,77.9838,26.67,86,70,5.44,KZ,broken clouds
674,Tutoia,-2.7619,-42.2744,77.61,83,48,7.23,BR,scattered clouds
675,Nampula,-15.1165,39.2666,73.35,94,20,0.0,MZ,mist
676,Luang Prabang,19.8856,102.1347,80.56,36,0,2.3,LA,clear sky
677,Vila Franca Do Campo,37.7167,-25.4333,57.61,80,78,14.16,PT,broken clouds
678,Beidao,34.5686,105.8933,23.92,74,68,1.39,CN,broken clouds
679,Loralai,30.3705,68.598,50.99,41,7,2.84,PK,clear sky
680,Yashkul,46.1711,45.3435,30.88,85,58,9.04,RU,broken clouds
681,Kuhdasht,33.535,47.6061,24.31,48,92,2.93,IR,overcast clouds
682,Leningradskiy,69.3833,178.4167,-15.84,94,87,4.7,RU,overcast clouds
683,Mackenzie,55.2999,-123.1698,26.82,93,75,3.44,CA,broken clouds
684,Kashi,39.4547,75.9797,27.61,39,40,4.47,CN,scattered clouds
685,Sibu,2.3,111.8167,86.31,74,40,6.91,MY,scattered clouds
686,Pidhorodna,48.107,30.8895,33.24,84,100,16.44,UA,light snow
687,Yambio,4.5721,28.3955,65.25,30,84,3.76,SS,broken clouds
688,Atar,20.5169,-13.0499,76.15,13,100,7.29,MR,overcast clouds
689,Ryotsu,38.0833,138.4333,39.16,64,99,21.07,JP,overcast clouds
690,Simbahan,6.3032,120.5836,82.27,73,18,10.18,PH,few clouds
691,Sribne,50.6638,32.9187,30.54,96,100,14.03,UA,light snow
692,Palmares Do Sul,-30.2578,-50.5097,71.38,72,0,14.76,BR,clear sky
693,Chapada Dos Guimaraes,-15.4606,-55.7497,65.86,97,100,5.61,BR,overcast clouds
694,Holoby,51.0865,25.0077,32.05,79,100,25.81,UA,overcast clouds
695,Miracema Do Tocantins,-9.5618,-48.3967,70.52,97,100,1.66,BR,overcast clouds
696,Bata,1.8639,9.7658,76.86,100,20,0.0,GQ,few clouds
697,Barinitas,8.7622,-70.4111,76.48,64,56,4.43,VE,broken clouds
698,Benguela,-12.5763,13.4055,74.3,84,100,1.83,AO,overcast clouds
699,Benjamin Hill,30.1667,-111.1,52.18,27,0,7.94,MX,clear sky
700,Hovd,48.0056,91.6419,-7.11,84,24,3.33,MN,few clouds
701,Pozo Colorado,-23.4923,-58.7972,75.74,39,0,2.86,PY,clear sky
702,Savinka,50.0785,47.0994,27.99,97,100,13.35,RU,snow
703,Pasighat,28.0667,95.3333,67.15,38,5,3.91,IN,clear sky
704,Koulamoutou,-1.1303,12.4736,70.09,92,94,1.36,GA,overcast clouds
705,Anadyr,64.75,177.4833,-14.01,83,0,2.24,RU,clear sky
706,Merauke,-8.4667,140.3333,85.3,65,100,8.55,ID,moderate rain
707,Ladario,-19.0047,-57.6017,72.39,97,2,3.27,BR,clear sky
